,time,can_id,attackType,description,data_in_binary
0,121.50508290000002,17D,7,before binary is 11001010 end binary is 11111111,0000000000001000000000001100101010000000010100100000000000000000
0,121.60514180000001,17D,7,before binary is 11001011 end binary is 11111111,0000000000001100000000001100101101100000001101110000000000000000
